Unnamed: 0,Unnamed: 1,Unnamed: 2,Unnamed: 3
Lamron vs Competitors,,,
,,,
Lamron Tours and Safaris,"Top Competitors (e.g., Chameleon Safaris, Wild Dog Safaris, Secret Namibia)",,
Strengths,,,
• Agile and flexible decision-making  ,• High website traffic  ,,
• Founder-led with strong entrepreneurial drive  ,• Established reputation  ,,
"• Modern branding potential (clean aesthetic, social-first)  ",• International travel partnerships  ,,
• Local connections for custom add-ons  ,• Loyal customer base  ,,
• Ability to experiment with new offers,• Greater fleet and staffing resources,,
Weaknesses,,,
• Low brand awareness  ,• Slower to innovate or customize  ,,
• Limited capital & transport fleet  ,• Rigid packages  ,,
• No international travel agency affiliations yet  ,• Higher overheads  ,,
• Still building testimonials and referrals,• Can’t easily personalize or adapt to client whims,,
Opportunities,,,
• Tap into emerging digital marketing (TikTok/IG Reels)  ,,,
"• Form niche offers (cultural, youth, influencer tours)  ",,,
• Target the rising SADC middle class  ,,,
"• Collaborate with lodges, Airbnbs",,,
• Launch subscription-based travel clubs  ,,,
• Deepen brand via loyalty programs,,,
"Develop 2–3 hyper-unique packages not offered by big players (e.g., Namibian Desert Star Safari, Local Feast Tour, Cultural Immersion Getaway)",,,
Threats,,,
• Cash burn during low season  ,"• Disruption by smaller, more agile players  ",,
• Poaching of ideas/packages by larger players  ,,,
• Bad reviews can sink a young brand  ,,,
• Market saturation in Windhoek,,,
• Negative impact from bad tourism policies  ,,,
• Fuel or cost shocks affecting pricing,,,
,,,
WHO IS LAMRON IN THE MARKETPLACE?,,,
,,,
Factor,Your Position,Competitor Position,Insight
Market Size,"Small entry-level player, <1% market share",Larger players hold approx. 5–15% each of inbound safari market,Namibia tourism has room for newcomers — especially in niche segments
Financial Position,Bootstrapped or light capital (lean startup),"Well-funded, some with access to credit lines and repeat revenue","Focus on cash flow management and asset-light partnerships (e.g., vehicle rentals, not ownership)"
Resources – Tech,"Simple Shopify website, IG-based outreach","Custom-built booking platforms, CRM, automation tools","Invest in scalable tools (booking plugins, email CRM, payment gateway)"
Resources – Sales Force,"Founder-led, hands-on selling via WhatsApp & Instagram",Dedicated teams for sales and reservations,"Your personal involvement = faster, warmer leads — leverage that before scaling"
Resources – Cash,Limited cash reserves; likely relying on bookings to reinvest,Have buffer for seasonal drops and campaign testing,Use pre-booking deposits and payment plans to fund early operations
Resources – Research,Can move fast to test ideas and shift strategy,Use historic data and brand legacy to optimize offers,Learn from their reviews and gaps; test what they’re too slow to try
Resources – Trade Relations,Building B2B & lodge partnerships (early stage),"Long-standing relationships with tour agencies, lodges, and foreign partners","Build credibility and negotiate collabs by offering your energy, tech, and niche appeal"
Barriers to Entry,"Moderate: Need licenses, guides, transport, insurance, digital presence",They’ve already cleared those — plus benefit from referrals and existing reviews,"Use soft power: brand storytelling, founder personality, viral value to stand out"
Market Share Leverage,"None yet, but niche positioning can earn you outsized attention",Established players dominate main routes and top listings on TripAdvisor,"Target alternative routes, short-stay combos, or unique cultural offerings"
