Unnamed: 0,Unnamed: 1,Unnamed: 2,Unnamed: 3,Unnamed: 4,Unnamed: 5,Unnamed: 6,Unnamed: 7,Unnamed: 8,Unnamed: 9,Unnamed: 10,Unnamed: 11
Channel,Type,Description,Margin Impact,Who Holds the Power?,Lamron's Strategy,,,,,,
1. Direct Sales (D2C),Owned,"Customer books via Lamron’s website, WhatsApp, Instagram, or walk-in",High (80%–100% of revenue retained),"Lamron holds power — direct control of pricing, communication","Focus on SEO, social media, WhatsApp automation, mobile-optimized website, online payment gateway",,,,,,
2. Online Travel Agencies (OTAs),Partner,"Platforms like Booking.com, GetYourGuide, Viator, SafariBookings",Medium (retain 70%–85% after 15–30% commission),"OTA holds power (ranking, algorithm visibility, review system)","List Lamron on select OTAs, optimize for high ratings and visuals, use as credibility builder, not main channel",,,,,,
3. Local Travel Agencies,B2B,Independent Namibian agents or tour resellers,Medium to low (retain 60%–75%),Agency holds power if they have larger client base or lodge tie-ins,"Offer commission-friendly rates, build strong B2B relationships, give them marketing kits and reliable service",,,,,,
4. International Travel Agencies,B2B,Foreign agencies that sell Namibian safari packages,Lower (retain 50%–70%),International agent holds power due to foreign client flow and established reputation,"Form relationships with niche-focused agencies (photography, eco-travel), att",,,,,,
,,,,,,,,,,,
,,,,,,,,,,,
,,,,,,,,,,,
Channel Type,Priority Level,Rationale,,,,,3.0,,2.0,,1.0
Direct Sales (Website/WhatsApp/Instagram),⭐⭐⭐⭐,"Highest profit, most control, builds brand equity",,,,,4.0,0.77,3.08,0.77,2.3716
"OTAs (Booking.com, Viator)",⭐⭐⭐,"Credibility booster, good for inbound leads",,,,,,,,,
Local Agencies & Lodges,⭐⭐⭐,Expand reach inside Namibia & SADC markets,,,,,,,,,
International Agents,⭐⭐,"Good for volume, but less profit and control",,,,,,,,,
Influencers & Affiliates,⭐⭐⭐,Smart for low-cost viral growth and niche access,,,,,,,,,
Corporate & NGO,⭐⭐⭐,Steady cash flow and strong positioning if done well,,,,,,,,,
,,,,,,,,,,,
,,,,,,,,,,,
⚖️ POWER DYNAMICS – Who Controls What,,,,,,,,,,,
,,,,,,,,,,,
Player,,Control Area,Risk,Strategy,,,,,,,
"OTA (e.g., Booking.com)",,Visibility & reputation algorithm,High commissions,Limit reliance; treat as lead generator,,,,,,,
Lodge Partners,,Client access at destination,Can prefer other operators,"Maintain strong service, offer incentive",,,,,,,
International Agents,,Foreign client access,"High volume, but control itinerary & pricing",Build exclusive packages or direct relationships,,,,,,,
Direct Channels (Lamron),,"Brand, pricing, communication",Most control,Invest heavily here long-term,,,,,,,
